category,image_name,count,n,correctAns_mean,correctAns_raw,discrim_resptime_mean,discrim_resptime_raw,discrim_resptime_std,image_onset_time_mean,image_onset_time_raw,image_onset_time_std,jitter1_mean,jitter1_raw,jitter2_mean,jitter2_raw,probe_Frames_mean,probe_Frames_raw,probe_Frames_std,response.corr_mean,response.corr_raw,response.corr_std,response.keys_raw,response_window_raw,visible.corr_mean,visible.corr_raw,visible.corr_std,visible.keys_raw,visible_resptime_mean,visible_resptime_raw,visible_resptime_std,order
Living_Things,processed\face\male_18_0.png,0,1.0,1.0,1,49.313720703125,49.313720703125,0.0,46.92897415161133,46.92897415161133,0.0,1.5,1.5,2.0,2.0,1.0,1.0,0.0,0.0,0.0,0.0,,'V_nV',0.0,0.0,0.0,,50.8151741027832,50.8151741027832,0.0,5.0
Nonliving_Things,processed\house\House5_0.png,0,1.0,2.0,2,241.68917846679688,241.68917846679688,0.0,239.8214569091797,239.8214569091797,0.0,1.0,1.0,2.0,2.0,1.0,1.0,0.0,0.0,0.0,0.0,,'V_nV',0.0,0.0,0.0,,243.1906280517578,243.1906280517578,0.0,28.0
Nonliving_Things,processed\house\House38_0.png,0,1.0,1.0,1,66.06378173828125,66.06378173828125,0.0,63.69552993774414,63.69552993774414,0.0,1.5,1.5,2.5,2.5,1.0,1.0,0.0,0.0,0.0,0.0,,'nV_V',0.0,0.0,0.0,,67.56671905517578,67.56671905517578,0.0,7.0
Nonliving_Things,processed\house\House42_0.png,0,1.0,2.0,2,1089.3018798828125,1089.3018798828125,0.0,1087.43408203125,1087.43408203125,0.0,1.0,1.0,2.0,2.0,1.0,1.0,0.0,0.0,0.0,0.0,,'V_nV',0.0,0.0,0.0,,1090.8033447265625,1090.8033447265625,0.0,125.0
Living_Things,processed\face\male_24_0.png,0,1.0,1.0,1,1509.3544921875,1509.3544921875,0.0,1506.4691162109375,1506.4691162109375,0.0,2.0,2.0,2.0,2.0,1.0,1.0,0.0,0.0,0.0,0.0,,'V_nV',0.0,0.0,0.0,,1510.8560791015625,1510.8560791015625,0.0,174.0
Living_Things,processed\face\male_92_0.png,0,1.0,1.0,1,1439.2679443359375,1439.2679443359375,0.0,1436.8829345703125,1436.8829345703125,0.0,1.5,1.5,2.0,2.0,1.0,1.0,0.0,0.0,0.0,0.0,,'V_nV',0.0,0.0,0.0,,1440.769287109375,1440.769287109375,0.0,166.0
Living_Things,processed\face\male_21_0.png,0,1.0,1.0,1,396.2433166503906,396.2433166503906,0.0,393.3580322265625,393.3580322265625,0.0,2.0,2.0,3.5,3.5,1.0,1.0,0.0,0.0,0.0,0.0,,'V_nV',0.0,0.0,0.0,,397.74462890625,397.74462890625,0.0,45.0
Living_Things,processed\face\male_10_0.png,0,1.0,2.0,2,838.5192260742188,838.5192260742188,0.0,835.6328125,835.6328125,0.0,2.0,2.0,2.0,2.0,1.0,1.0,0.0,0.0,0.0,0.0,,'nV_V',0.0,0.0,0.0,,840.0197143554688,840.0197143554688,0.0,96.0
Living_Things,processed\face\female_40_0.png,0,1.0,1.0,1,1312.4580078125,1312.4580078125,0.0,1309.5556640625,1309.5556640625,0.0,2.0,2.0,2.5,2.5,1.0,1.0,0.0,0.0,0.0,0.0,,'V_nV',0.0,0.0,0.0,,1313.95947265625,1313.95947265625,0.0,151.0
Living_Things,processed\face\male_23_0.png,0,1.0,2.0,2,1466.430419921875,1466.430419921875,0.0,1462.5418701171875,1462.5418701171875,0.0,3.0,3.0,3.0,3.0,1.0,1.0,0.0,0.0,0.0,0.0,,'nV_V',0.0,0.0,0.0,,1467.9302978515625,1467.9302978515625,0.0,169.0
Nonliving_Things,processed\house\House48_0.png,0,1.0,2.0,2,1575.970947265625,1575.970947265625,0.0,1572.601318359375,1572.601318359375,0.0,2.5,2.5,3.0,3.0,1.0,1.0,0.0,0.0,0.0,0.0,,'V_nV',0.0,0.0,0.0,,1577.4725341796875,1577.4725341796875,0.0,182.0
Living_Things,processed\face\female_45_0.png,0,1.0,2.0,2,1365.7945556640625,1365.7945556640625,0.0,1363.40966796875,1363.40966796875,0.0,1.5,1.5,2.0,2.0,1.0,1.0,0.0,0.0,0.0,0.0,,'nV_V',0.0,0.0,0.0,,1367.2958984375,1367.2958984375,0.0,157.0
Nonliving_Things,processed\house\House96_0.png,0,1.0,1.0,1,1166.2955322265625,1166.2955322265625,0.0,1163.4100341796875,1163.4100341796875,0.0,2.0,2.0,2.0,2.0,1.0,1.0,0.0,0.0,0.0,0.0,,'nV_V',0.0,0.0,0.0,,1167.7969970703125,1167.7969970703125,0.0,134.0
Nonliving_Things,processed\house\House61_0.png,0,1.0,2.0,2,1674.2357177734375,1674.2357177734375,0.0,1671.8670654296875,1671.8670654296875,0.0,1.5,1.5,2.0,2.0,1.0,1.0,0.0,0.0,0.0,0.0,,'V_nV',0.0,0.0,0.0,,1675.7371826171875,1675.7371826171875,0.0,193.0
Living_Things,processed\face\male_57_0.png,0,1.0,2.0,2,855.2850341796875,855.2850341796875,0.0,852.9000244140625,852.9000244140625,0.0,1.5,1.5,3.5,3.5,1.0,1.0,0.0,0.0,0.0,0.0,,'nV_V',0.0,0.0,0.0,,856.7864379882812,856.7864379882812,0.0,98.0
Nonliving_Things,processed\house\House80_0.png,0,1.0,1.0,1,40.92565155029297,40.92565155029297,0.0,37.536964416503906,37.536964416503906,0.0,2.5,2.5,3.0,3.0,1.0,1.0,0.0,0.0,0.0,0.0,,'nV_V',0.0,0.0,0.0,,42.423667907714844,42.423667907714844,0.0,4.0
Nonliving_Things,processed\house\House99_0.png,0,1.0,2.0,2,1692.00341796875,1692.00341796875,0.0,1688.1177978515625,1688.1177978515625,0.0,3.0,3.0,3.5,3.5,1.0,1.0,0.0,0.0,0.0,0.0,,'V_nV',0.0,0.0,0.0,,1693.5069580078125,1693.5069580078125,0.0,195.0
Nonliving_Things,processed\house\House85_0.png,0,1.0,1.0,1,627.307373046875,627.307373046875,0.0,624.9224853515625,624.9224853515625,0.0,1.5,1.5,3.5,3.5,1.0,1.0,0.0,0.0,0.0,0.0,,'nV_V',0.0,0.0,0.0,,628.808837890625,628.808837890625,0.0,71.0
Living_Things,processed\face\female_28_0.png,0,1.0,1.0,1,1533.0281982421875,1533.0281982421875,0.0,1530.6431884765625,1530.6431884765625,0.0,1.5,1.5,3.0,3.0,1.0,1.0,0.0,0.0,0.0,0.0,,'V_nV',0.0,0.0,0.0,,1534.5296630859375,1534.5296630859375,0.0,177.0
Nonliving_Things,processed\house\House76_0.png,0,1.0,2.0,2,943.1893920898438,943.1893920898438,0.0,941.30615234375,941.30615234375,0.0,1.0,1.0,3.0,3.0,1.0,1.0,0.0,0.0,0.0,0.0,,'V_nV',0.0,0.0,0.0,,944.6909790039062,944.6909790039062,0.0,108.0
Living_Things,processed\face\female_39_0.png,0,1.0,1.0,1,958.4744873046875,958.4744873046875,0.0,956.5877075195312,956.5877075195312,0.0,1.0,1.0,3.5,3.5,1.0,1.0,0.0,0.0,0.0,0.0,,'V_nV',0.0,0.0,0.0,,959.9752807617188,959.9752807617188,0.0,110.0
Nonliving_Things,processed\house\3257831_House58_0.png,0,1.0,2.0,2,1710.7890625,1710.7890625,0.0,1706.9027099609375,1706.9027099609375,0.0,3.0,3.0,2.0,2.0,1.0,1.0,0.0,0.0,0.0,0.0,,'V_nV',0.0,0.0,0.0,,1712.2904052734375,1712.2904052734375,0.0,197.0
Nonliving_Things,processed\house\House11_0.png,0,1.0,2.0,2,1525.1370849609375,1525.1370849609375,0.0,1523.2525634765625,1523.2525634765625,0.0,1.0,1.0,2.5,2.5,1.0,1.0,0.0,0.0,0.0,0.0,,'V_nV',0.0,0.0,0.0,,1526.63818359375,1526.63818359375,0.0,176.0
Nonliving_Things,processed\house\House43_0.png,0,1.0,1.0,1,423.40386962890625,423.40386962890625,0.0,421.01904296875,421.01904296875,0.0,1.5,1.5,2.5,2.5,1.0,1.0,0.0,0.0,0.0,0.0,,'nV_V',0.0,0.0,0.0,,424.9053039550781,424.9053039550781,0.0,48.0
Nonliving_Things,processed\house\House41_0.png,0,1.0,1.0,1,1055.7684326171875,1055.7684326171875,0.0,1052.3822021484375,1052.3822021484375,0.0,2.5,2.5,3.5,3.5,1.0,1.0,0.0,0.0,0.0,0.0,,'nV_V',0.0,0.0,0.0,,1057.2698974609375,1057.2698974609375,0.0,121.0
Nonliving_Things,processed\house\House47_0.png,0,1.0,1.0,1,1593.7554931640625,1593.7554931640625,0.0,1591.8709716796875,1591.8709716796875,0.0,1.0,1.0,3.5,3.5,1.0,1.0,0.0,0.0,0.0,0.0,,'nV_V',0.0,0.0,0.0,,1595.2568359375,1595.2568359375,0.0,184.0
Nonliving_Things,processed\house\House90_0.png,0,1.0,2.0,2,248.58016967773438,248.58016967773438,0.0,246.6950225830078,246.6950225830078,0.0,1.0,1.0,2.5,2.5,1.0,1.0,0.0,0.0,0.0,0.0,,'V_nV',0.0,0.0,0.0,,250.080810546875,250.080810546875,0.0,29.0
Nonliving_Things,processed\house\House59_0.png,0,1.0,2.0,2,1097.1932373046875,1097.1932373046875,0.0,1094.3077392578125,1094.3077392578125,0.0,2.0,2.0,3.0,3.0,1.0,1.0,0.0,0.0,0.0,0.0,,'V_nV',0.0,0.0,0.0,,1098.694580078125,1098.694580078125,0.0,126.0
Nonliving_Things,processed\house\House57_0.png,0,1.0,1.0,1,602.1490478515625,602.1490478515625,0.0,598.7796630859375,598.7796630859375,0.0,2.5,2.5,2.0,2.0,1.0,1.0,0.0,0.0,0.0,0.0,,'nV_V',0.0,0.0,0.0,,603.6505737304688,603.6505737304688,0.0,68.0
Nonliving_Things,processed\house\House26_0.png,0,1.0,1.0,1,234.81602478027344,234.81602478027344,0.0,232.93255615234375,232.93255615234375,0.0,1.0,1.0,2.0,2.0,1.0,1.0,0.0,0.0,0.0,0.0,,'nV_V',0.0,0.0,0.0,,236.31707763671875,236.31707763671875,0.0,27.0
Living_Things,processed\face\female_55_0.png,0,1.0,1.0,1,1113.9791259765625,1113.9791259765625,0.0,1110.590576171875,1110.590576171875,0.0,2.5,2.5,2.5,2.5,1.0,1.0,0.0,0.0,0.0,0.0,,'V_nV',0.0,0.0,0.0,,1115.4783935546875,1115.4783935546875,0.0,128.0
Nonliving_Things,processed\house\House30_0.png,0,1.0,1.0,1,193.8600311279297,193.8600311279297,0.0,189.9883270263672,189.9883270263672,0.0,3.0,3.0,2.0,2.0,1.0,1.0,0.0,0.0,0.0,0.0,,'nV_V',0.0,0.0,0.0,,195.35989379882812,195.35989379882812,0.0,22.0
Nonliving_Things,processed\house\House51_0.png,0,1.0,1.0,1,159.2903289794922,159.2903289794922,0.0,156.92189025878906,156.92189025878906,0.0,1.5,1.5,3.0,3.0,1.0,1.0,0.0,0.0,0.0,0.0,,'nV_V',0.0,0.0,0.0,,160.79180908203125,160.79180908203125,0.0,18.0
Nonliving_Things,processed\house\House92_0.png,0,1.0,1.0,1,1081.9278564453125,1081.9278564453125,0.0,1079.0421142578125,1079.0421142578125,0.0,2.0,2.0,2.5,2.5,1.0,1.0,0.0,0.0,0.0,0.0,,'nV_V',0.0,0.0,0.0,,1083.4296875,1083.4296875,0.0,124.0
Nonliving_Things,processed\house\House77_0.png,0,1.0,2.0,2,750.1135864257812,750.1135864257812,0.0,748.2456665039062,748.2456665039062,0.0,1.0,1.0,3.0,3.0,1.0,1.0,0.0,0.0,0.0,0.0,,'V_nV',0.0,0.0,0.0,,751.6148071289062,751.6148071289062,0.0,86.0
Nonliving_Things,processed\house\House33_0.png,0,1.0,1.0,1,1422.0006103515625,1422.0006103515625,0.0,1419.6324462890625,1419.6324462890625,0.0,1.5,1.5,3.0,3.0,1.0,1.0,0.0,0.0,0.0,0.0,,'nV_V',0.0,0.0,0.0,,1423.5020751953125,1423.5020751953125,0.0,164.0
Living_Things,processed\face\male_32_0.png,0,1.0,2.0,2,784.1807861328125,784.1807861328125,0.0,782.2799072265625,782.2799072265625,0.0,1.0,1.0,3.5,3.5,1.0,1.0,0.0,0.0,0.0,0.0,,'nV_V',0.0,0.0,0.0,,785.6821899414062,785.6821899414062,0.0,90.0
Nonliving_Things,processed\house\House35_0.png,0,1.0,2.0,2,1548.8104248046875,1548.8104248046875,0.0,1545.925048828125,1545.925048828125,0.0,2.0,2.0,2.5,2.5,1.0,1.0,0.0,0.0,0.0,0.0,,'V_nV',0.0,0.0,0.0,,1550.31201171875,1550.31201171875,0.0,179.0
Nonliving_Things,processed\house\House73_0.png,0,1.0,2.0,2,701.2979125976562,701.2979125976562,0.0,698.4124755859375,698.4124755859375,0.0,2.0,2.0,2.5,2.5,1.0,1.0,0.0,0.0,0.0,0.0,,'V_nV',0.0,0.0,0.0,,702.7993774414062,702.7993774414062,0.0,80.0
Nonliving_Things,processed\house\3257813_House74_0.png,0,1.0,2.0,2,1649.0772705078125,1649.0772705078125,0.0,1645.69140625,1645.69140625,0.0,2.5,2.5,3.5,3.5,1.0,1.0,0.0,0.0,0.0,0.0,,'V_nV',0.0,0.0,0.0,,1650.5787353515625,1650.5787353515625,0.0,190.0
Living_Things,processed\face\male_53_0.png,0,1.0,1.0,1,735.8659057617188,735.8659057617188,0.0,731.979248046875,731.979248046875,0.0,3.0,3.0,2.5,2.5,1.0,1.0,0.0,0.0,0.0,0.0,,'V_nV',0.0,0.0,0.0,,737.3673706054688,737.3673706054688,0.0,84.0
Nonliving_Things,processed\house\House56_0.png,0,1.0,2.0,2,32.530391693115234,32.530391693115234,0.0,29.145137786865234,29.145137786865234,0.0,2.5,2.5,2.0,2.0,1.0,1.0,0.0,0.0,0.0,0.0,,'V_nV',0.0,0.0,0.0,,34.03186798095703,34.03186798095703,0.0,3.0
Nonliving_Things,processed\house\House95_0.png,0,1.0,1.0,1,926.406005859375,926.406005859375,0.0,924.5381469726562,924.5381469726562,0.0,1.0,1.0,3.0,3.0,1.0,1.0,0.0,0.0,0.0,0.0,,'nV_V',0.0,0.0,0.0,,927.9073486328125,927.9073486328125,0.0,106.0
Living_Things,processed\face\female_63_0.png,0,1.0,2.0,2,1397.359375,1397.359375,0.0,1395.4613037109375,1395.4613037109375,0.0,1.0,1.0,2.0,2.0,1.0,1.0,0.0,0.0,0.0,0.0,,'nV_V',0.0,0.0,0.0,,1398.8609619140625,1398.8609619140625,0.0,161.0
Nonliving_Things,processed\house\House100_0.png,0,1.0,2.0,2,766.3794555664062,766.3794555664062,0.0,764.5119018554688,764.5119018554688,0.0,1.0,1.0,3.5,3.5,1.0,1.0,0.0,0.0,0.0,0.0,,'V_nV',0.0,0.0,0.0,,767.8811645507812,767.8811645507812,0.0,88.0
Living_Things,processed\face\female_8_0.png,0,1.0,2.0,2,1612.524169921875,1612.524169921875,0.0,1609.6387939453125,1609.6387939453125,0.0,2.0,2.0,2.5,2.5,1.0,1.0,0.0,0.0,0.0,0.0,,'nV_V',0.0,0.0,0.0,,1614.025634765625,1614.025634765625,0.0,186.0
Living_Things,processed\face\female_78_0.png,0,1.0,2.0,2,582.879638671875,582.879638671875,0.0,579.0101928710938,579.0101928710938,0.0,3.0,3.0,3.5,3.5,1.0,1.0,0.0,0.0,0.0,0.0,,'nV_V',0.0,0.0,0.0,,584.3811645507812,584.3811645507812,0.0,66.0
Living_Things,processed\face\male_63_0.png,0,1.0,1.0,1,319.1832275390625,319.1832275390625,0.0,316.31439208984375,316.31439208984375,0.0,2.0,2.0,3.5,3.5,1.0,1.0,0.0,0.0,0.0,0.0,,'V_nV',0.0,0.0,0.0,,320.68475341796875,320.68475341796875,0.0,37.0
Living_Things,processed\face\male_4_0.png,0,1.0,2.0,2,460.94134521484375,460.94134521484375,0.0,457.5721435546875,457.5721435546875,0.0,2.5,2.5,2.0,2.0,1.0,1.0,0.0,0.0,0.0,0.0,,'nV_V',0.0,0.0,0.0,,462.4427185058594,462.4427185058594,0.0,52.0
Nonliving_Things,processed\house\House97_0.png,0,1.0,1.0,1,1630.2918701171875,1630.2918701171875,0.0,1627.423095703125,1627.423095703125,0.0,2.0,2.0,3.5,3.5,1.0,1.0,0.0,0.0,0.0,0.0,,'nV_V',0.0,0.0,0.0,,1631.7933349609375,1631.7933349609375,0.0,188.0
Nonliving_Things,processed\house\House84_0.png,0,1.0,1.0,1,985.6492919921875,985.6492919921875,0.0,981.761962890625,981.761962890625,0.0,3.0,3.0,3.0,3.0,1.0,1.0,0.0,0.0,0.0,0.0,,'nV_V',0.0,0.0,0.0,,987.1497802734375,987.1497802734375,0.0,113.0
Nonliving_Things,processed\house\House82_0.png,0,1.0,2.0,2,201.7493133544922,201.7493133544922,0.0,198.86380004882812,198.86380004882812,0.0,2.0,2.0,3.0,3.0,1.0,1.0,0.0,0.0,0.0,0.0,,'V_nV',0.0,0.0,0.0,,203.250732421875,203.250732421875,0.0,23.0
Nonliving_Things,processed\house\House24_0.png,0,1.0,1.0,1,90.20470428466797,90.20470428466797,0.0,88.32018280029297,88.32018280029297,0.0,1.0,1.0,3.0,3.0,1.0,1.0,0.0,0.0,0.0,0.0,,'nV_V',0.0,0.0,0.0,,91.70620727539062,91.70620727539062,0.0,10.0
Living_Things,processed\face\male_8_0.png,0,1.0,2.0,2,900.7471313476562,900.7471313476562,0.0,896.8600463867188,896.8600463867188,0.0,3.0,3.0,3.0,3.0,1.0,1.0,0.0,0.0,0.0,0.0,,'nV_V',0.0,0.0,0.0,,902.2484741210938,902.2484741210938,0.0,103.0
Nonliving_Things,processed\house\House98_0.png,0,1.0,1.0,1,1381.5770263671875,1381.5770263671875,0.0,1379.6925048828125,1379.6925048828125,0.0,1.0,1.0,2.5,2.5,1.0,1.0,0.0,0.0,0.0,0.0,,'nV_V',0.0,0.0,0.0,,1383.078369140625,1383.078369140625,0.0,159.0
Living_Things,processed\face\female_85_0.png,0,1.0,2.0,2,1183.595947265625,1183.595947265625,0.0,1179.6925048828125,1179.6925048828125,0.0,3.0,3.0,3.5,3.5,1.0,1.0,0.0,0.0,0.0,0.0,,'nV_V',0.0,0.0,0.0,,1185.1019287109375,1185.1019287109375,0.0,136.0
Living_Things,processed\face\female_44_0.png,0,1.0,2.0,2,175.05592346191406,175.05592346191406,0.0,173.18829345703125,173.18829345703125,0.0,1.0,1.0,2.5,2.5,1.0,1.0,0.0,0.0,0.0,0.0,,'nV_V',0.0,0.0,0.0,,176.5574951171875,176.5574951171875,0.0,20.0
Nonliving_Things,processed\house\House31_0.png,0,1.0,2.0,2,644.0908203125,644.0908203125,0.0,642.2063598632812,642.2063598632812,0.0,1.0,1.0,3.5,3.5,1.0,1.0,0.0,0.0,0.0,0.0,,'V_nV',0.0,0.0,0.0,,645.59228515625,645.59228515625,0.0,73.0
Living_Things,processed\face\male_74_0.png,0,1.0,1.0,1,124.73910522460938,124.73910522460938,0.0,122.35408782958984,122.35408782958984,0.0,1.5,1.5,2.0,2.0,1.0,1.0,0.0,0.0,0.0,0.0,,'V_nV',0.0,0.0,0.0,,126.240478515625,126.240478515625,0.0,14.0
Living_Things,processed\face\male_96_0.png,0,1.0,2.0,2,993.5402221679688,993.5402221679688,0.0,991.6558227539062,991.6558227539062,0.0,1.0,1.0,2.5,2.5,1.0,1.0,0.0,0.0,0.0,0.0,,'nV_V',0.0,0.0,0.0,,995.0411376953125,995.0411376953125,0.0,114.0
Living_Things,processed\face\female_52_0.png,0,1.0,2.0,2,685.0164184570312,685.0164184570312,0.0,683.1468505859375,683.1468505859375,0.0,1.0,1.0,2.5,2.5,1.0,1.0,0.0,0.0,0.0,0.0,,'nV_V',0.0,0.0,0.0,,686.516845703125,686.516845703125,0.0,78.0
Living_Things,processed\face\male_17_0.png,0,1.0,2.0,2,1474.8033447265625,1474.8033447265625,0.0,1472.43505859375,1472.43505859375,0.0,1.5,1.5,3.0,3.0,1.0,1.0,0.0,0.0,0.0,0.0,,'nV_V',0.0,0.0,0.0,,1476.3048095703125,1476.3048095703125,0.0,170.0
Living_Things,processed\face\male_43_0.png,0,1.0,1.0,1,73.93817901611328,73.93817901611328,0.0,71.56983184814453,71.56983184814453,0.0,1.5,1.5,3.0,3.0,1.0,1.0,0.0,0.0,0.0,0.0,,'V_nV',0.0,0.0,0.0,,75.44005584716797,75.44005584716797,0.0,8.0
Living_Things,processed\face\female_66_0.png,0,1.0,1.0,1,725.4720458984375,725.4720458984375,0.0,723.5877075195312,723.5877075195312,0.0,1.0,1.0,3.5,3.5,1.0,1.0,0.0,0.0,0.0,0.0,,'V_nV',0.0,0.0,0.0,,726.9735717773438,726.9735717773438,0.0,83.0
Nonliving_Things,processed\house\House39_0.png,0,1.0,1.0,1,15.24654483795166,15.24654483795166,0.0,13.378673553466797,13.378673553466797,0.0,1.0,1.0,2.0,2.0,1.0,1.0,0.0,0.0,0.0,0.0,,'nV_V',0.0,0.0,0.0,,16.747779846191406,16.747779846191406,0.0,1.0
Living_Things,processed\face\female_92_0.png,0,1.0,1.0,1,1131.744384765625,1131.744384765625,0.0,1127.85791015625,1127.85791015625,0.0,3.0,3.0,3.0,3.0,1.0,1.0,0.0,0.0,0.0,0.0,,'V_nV',0.0,0.0,0.0,,1133.2457275390625,1133.2457275390625,0.0,130.0
Living_Things,processed\face\female_14_0.png,0,1.0,2.0,2,209.65724182128906,209.65724182128906,0.0,207.7587890625,207.7587890625,0.0,1.0,1.0,2.5,2.5,1.0,1.0,0.0,0.0,0.0,0.0,,'nV_V',0.0,0.0,0.0,,211.159423828125,211.159423828125,0.0,24.0
Living_Things,processed\face\male_90_0.png,0,1.0,1.0,1,1657.986083984375,1657.986083984375,0.0,1655.5855712890625,1655.5855712890625,0.0,1.5,1.5,2.5,2.5,1.0,1.0,0.0,0.0,0.0,0.0,,'V_nV',0.0,0.0,0.0,,1659.4876708984375,1659.4876708984375,0.0,191.0
Nonliving_Things,processed\house\House29_0.png,0,1.0,2.0,2,618.4153442382812,618.4153442382812,0.0,615.0459594726562,615.0459594726562,0.0,2.5,2.5,3.5,3.5,1.0,1.0,0.0,0.0,0.0,0.0,,'V_nV',0.0,0.0,0.0,,619.91650390625,619.91650390625,0.0,70.0
Nonliving_Things,processed\house\House72_0.png,0,1.0,2.0,2,863.6766967773438,863.6766967773438,0.0,861.7923583984375,861.7923583984375,0.0,1.0,1.0,3.5,3.5,1.0,1.0,0.0,0.0,0.0,0.0,,'V_nV',0.0,0.0,0.0,,865.1781616210938,865.1781616210938,0.0,99.0
Living_Things,processed\face\male_83_0.png,0,1.0,1.0,1,493.00665283203125,493.00665283203125,0.0,490.6218566894531,490.6218566894531,0.0,1.5,1.5,2.5,2.5,1.0,1.0,0.0,0.0,0.0,0.0,,'V_nV',0.0,0.0,0.0,,494.5083312988281,494.5083312988281,0.0,56.0
Living_Things,processed\face\female_32_0.png,0,1.0,2.0,2,1029.10986328125,1029.10986328125,0.0,1025.724365234375,1025.724365234375,0.0,2.5,2.5,3.5,3.5,1.0,1.0,0.0,0.0,0.0,0.0,,'nV_V',0.0,0.0,0.0,,1030.6102294921875,1030.6102294921875,0.0,118.0
Living_Things,processed\face\male_65_0.png,0,1.0,1.0,1,1002.9323120117188,1002.9323120117188,0.0,999.0462646484375,999.0462646484375,0.0,3.0,3.0,2.5,2.5,1.0,1.0,0.0,0.0,0.0,0.0,,'V_nV',0.0,0.0,0.0,,1004.4337768554688,1004.4337768554688,0.0,115.0
Nonliving_Things,processed\house\House21_0.png,0,1.0,1.0,1,508.7890930175781,508.7890930175781,0.0,506.9046936035156,506.9046936035156,0.0,1.0,1.0,3.5,3.5,1.0,1.0,0.0,0.0,0.0,0.0,,'nV_V',0.0,0.0,0.0,,510.29052734375,510.29052734375,0.0,58.0
Living_Things,processed\face\female_77_0.png,0,1.0,1.0,1,1242.8228759765625,1242.8228759765625,0.0,1239.952880859375,1239.952880859375,0.0,2.0,2.0,3.5,3.5,1.0,1.0,0.0,0.0,0.0,0.0,,'V_nV',0.0,0.0,0.0,,1244.3233642578125,1244.3233642578125,0.0,143.0
Living_Things,processed\face\female_17_0.png,0,1.0,2.0,2,1566.094482421875,1566.094482421875,0.0,1562.2081298828125,1562.2081298828125,0.0,3.0,3.0,3.5,3.5,1.0,1.0,0.0,0.0,0.0,0.0,,'nV_V',0.0,0.0,0.0,,1567.595947265625,1567.595947265625,0.0,181.0
Nonliving_Things,processed\house\House6_0.png,0,1.0,1.0,1,880.9605712890625,880.9605712890625,0.0,878.0751342773438,878.0751342773438,0.0,2.0,2.0,3.5,3.5,1.0,1.0,0.0,0.0,0.0,0.0,,'nV_V',0.0,0.0,0.0,,882.464111328125,882.464111328125,0.0,101.0
Living_Things,processed\face\female_56_0.png,0,1.0,2.0,2,1105.084228515625,1105.084228515625,0.0,1103.1998291015625,1103.1998291015625,0.0,1.0,1.0,2.5,2.5,1.0,1.0,0.0,0.0,0.0,0.0,,'nV_V',0.0,0.0,0.0,,1106.585693359375,1106.585693359375,0.0,127.0
Nonliving_Things,processed\house\House66_0.png,0,1.0,2.0,2,310.8089599609375,310.8089599609375,0.0,308.9404296875,308.9404296875,0.0,1.0,1.0,2.5,2.5,1.0,1.0,0.0,0.0,0.0,0.0,,'V_nV',0.0,0.0,0.0,,312.3096008300781,312.3096008300781,0.0,36.0
Nonliving_Things,processed\house\House86_0.png,0,1.0,2.0,2,1431.376708984375,1431.376708984375,0.0,1428.0074462890625,1428.0074462890625,0.0,2.5,2.5,2.5,2.5,1.0,1.0,0.0,0.0,0.0,0.0,,'V_nV',0.0,0.0,0.0,,1432.878173828125,1432.878173828125,0.0,165.0
Living_Things,processed\face\female_36_0.png,0,1.0,1.0,1,7.872526168823242,7.872526168823242,0.0,6.001491546630859,6.001491546630859,0.0,1.0,1.0,2.5,2.5,1.0,1.0,0.0,0.0,0.0,0.0,,'V_nV',0.0,0.0,0.0,,9.379024505615234,9.379024505615234,0.0,0.0
Living_Things,processed\face\male_91_0.png,0,1.0,1.0,1,909.1387329101562,909.1387329101562,0.0,906.7538452148438,906.7538452148438,0.0,1.5,1.5,3.5,3.5,1.0,1.0,0.0,0.0,0.0,0.0,,'V_nV',0.0,0.0,0.0,,910.6402587890625,910.6402587890625,0.0,104.0
Nonliving_Things,processed\house\House50_0.png,0,1.0,2.0,2,109.45722198486328,109.45722198486328,0.0,106.08793640136719,106.08793640136719,0.0,2.5,2.5,2.0,2.0,1.0,1.0,0.0,0.0,0.0,0.0,,'V_nV',0.0,0.0,0.0,,110.95858001708984,110.95858001708984,0.0,12.0
Living_Things,processed\face\female_25_0.png,0,1.0,1.0,1,1491.0693359375,1491.0693359375,0.0,1488.183837890625,1488.183837890625,0.0,2.0,2.0,3.0,3.0,1.0,1.0,0.0,0.0,0.0,0.0,,'V_nV',0.0,0.0,0.0,,1492.571044921875,1492.571044921875,0.0,172.0
Nonliving_Things,processed\house\House83_0.png,0,1.0,1.0,1,1330.2265625,1330.2265625,0.0,1327.8406982421875,1327.8406982421875,0.0,1.5,1.5,3.0,3.0,1.0,1.0,0.0,0.0,0.0,0.0,,'nV_V',0.0,0.0,0.0,,1331.7271728515625,1331.7271728515625,0.0,153.0
Nonliving_Things,processed\house\House20_0.png,0,1.0,1.0,1,1321.3336181640625,1321.3336181640625,0.0,1317.96435546875,1317.96435546875,0.0,2.5,2.5,3.5,3.5,1.0,1.0,0.0,0.0,0.0,0.0,,'nV_V',0.0,0.0,0.0,,1322.8349609375,1322.8349609375,0.0,152.0
Nonliving_Things,processed\house\House14_0.png,0,1.0,2.0,2,1456.5350341796875,1456.5350341796875,0.0,1454.1668701171875,1454.1668701171875,0.0,1.5,1.5,3.0,3.0,1.0,1.0,0.0,0.0,0.0,0.0,,'V_nV',0.0,0.0,0.0,,1458.0364990234375,1458.0364990234375,0.0,168.0
Living_Things,processed\face\female_53_0.png,0,1.0,2.0,2,285.1490173339844,285.1490173339844,0.0,281.26275634765625,281.26275634765625,0.0,3.0,3.0,3.0,3.0,1.0,1.0,0.0,0.0,0.0,0.0,,'nV_V',0.0,0.0,0.0,,286.6502990722656,286.6502990722656,0.0,33.0
Nonliving_Things,processed\house\House37_0.png,0,1.0,2.0,2,1011.8246459960938,1011.8246459960938,0.0,1008.4386596679688,1008.4386596679688,0.0,2.5,2.5,2.5,2.5,1.0,1.0,0.0,0.0,0.0,0.0,,'V_nV',0.0,0.0,0.0,,1013.3259887695312,1013.3259887695312,0.0,116.0
Nonliving_Things,processed\house\House88_0.png,0,1.0,1.0,1,820.7338256835938,820.7338256835938,0.0,818.849365234375,818.849365234375,0.0,1.0,1.0,3.5,3.5,1.0,1.0,0.0,0.0,0.0,0.0,,'nV_V',0.0,0.0,0.0,,822.2354125976562,822.2354125976562,0.0,94.0
Living_Things,processed\face\female_27_0.png,0,1.0,1.0,1,1295.1573486328125,1295.1573486328125,0.0,1293.2728271484375,1293.2728271484375,0.0,1.0,1.0,2.5,2.5,1.0,1.0,0.0,0.0,0.0,0.0,,'V_nV',0.0,0.0,0.0,,1296.6590576171875,1296.6590576171875,0.0,149.0
Nonliving_Things,processed\house\House16_0.png,0,1.0,2.0,2,329.07635498046875,329.07635498046875,0.0,325.6904296875,325.6904296875,0.0,2.5,2.5,3.5,3.5,1.0,1.0,0.0,0.0,0.0,0.0,,'V_nV',0.0,0.0,0.0,,330.5778503417969,330.5778503417969,0.0,38.0
Living_Things,processed\face\male_29_0.png,0,1.0,1.0,1,554.71826171875,554.71826171875,0.0,551.3489379882812,551.3489379882812,0.0,2.5,2.5,3.5,3.5,1.0,1.0,0.0,0.0,0.0,0.0,,'V_nV',0.0,0.0,0.0,,556.2198486328125,556.2198486328125,0.0,63.0
Nonliving_Things,processed\house\3257879_House74_0.png,0,1.0,1.0,1,545.3443603515625,545.3443603515625,0.0,541.955810546875,541.955810546875,0.0,2.5,2.5,3.0,3.0,1.0,1.0,0.0,0.0,0.0,0.0,,'nV_V',0.0,0.0,0.0,,546.843994140625,546.843994140625,0.0,62.0
Nonliving_Things,processed\house\House75_0.png,0,1.0,2.0,2,1199.87890625,1199.87890625,0.0,1197.9945068359375,1197.9945068359375,0.0,1.0,1.0,3.5,3.5,1.0,1.0,0.0,0.0,0.0,0.0,,'V_nV',0.0,0.0,0.0,,1201.3804931640625,1201.3804931640625,0.0,138.0
Nonliving_Things,processed\house\House65_0.png,0,1.0,2.0,2,1621.917236328125,1621.917236328125,0.0,1618.0330810546875,1618.0330810546875,0.0,3.0,3.0,2.5,2.5,1.0,1.0,0.0,0.0,0.0,0.0,,'V_nV',0.0,0.0,0.0,,1623.4189453125,1623.4189453125,0.0,187.0
Nonliving_Things,processed\house\House15_0.png,0,1.0,2.0,2,794.0738525390625,794.0738525390625,0.0,790.6876220703125,790.6876220703125,0.0,2.5,2.5,3.5,3.5,1.0,1.0,0.0,0.0,0.0,0.0,,'V_nV',0.0,0.0,0.0,,795.5753784179688,795.5753784179688,0.0,91.0
Living_Things,processed\face\female_42_0.png,0,1.0,2.0,2,1556.201171875,1556.201171875,0.0,1554.31689453125,1554.31689453125,0.0,1.0,1.0,3.0,3.0,1.0,1.0,0.0,0.0,0.0,0.0,,'nV_V',0.0,0.0,0.0,,1557.702880859375,1557.702880859375,0.0,180.0
Living_Things,processed\face\female_88_0.png,0,1.0,2.0,2,803.4666137695312,803.4666137695312,0.0,800.5812377929688,800.5812377929688,0.0,2.0,2.0,3.5,3.5,1.0,1.0,0.0,0.0,0.0,0.0,,'nV_V',0.0,0.0,0.0,,804.9680786132812,804.9680786132812,0.0,92.0
Living_Things,processed\face\male_51_0.png,0,1.0,2.0,2,572.5033569335938,572.5033569335938,0.0,570.6182250976562,570.6182250976562,0.0,1.0,1.0,3.5,3.5,1.0,1.0,0.0,0.0,0.0,0.0,,'nV_V',0.0,0.0,0.0,,574.0040283203125,574.0040283203125,0.0,65.0
Living_Things,processed\face\male_54_0.png,0,1.0,1.0,1,660.8741455078125,660.8741455078125,0.0,657.4885864257812,657.4885864257812,0.0,2.5,2.5,2.0,2.0,1.0,1.0,0.0,0.0,0.0,0.0,,'V_nV',0.0,0.0,0.0,,662.375732421875,662.375732421875,0.0,75.0
Living_Things,processed\face\male_73_0.png,0,1.0,1.0,1,1287.26611328125,1287.26611328125,0.0,1284.864501953125,1284.864501953125,0.0,1.5,1.5,3.0,3.0,1.0,1.0,0.0,0.0,0.0,0.0,,'V_nV',0.0,0.0,0.0,,1288.767578125,1288.767578125,0.0,148.0
Nonliving_Things,processed\house\House17_0.png,0,1.0,2.0,2,1518.2467041015625,1518.2467041015625,0.0,1514.3602294921875,1514.3602294921875,0.0,3.0,3.0,2.0,2.0,1.0,1.0,0.0,0.0,0.0,0.0,,'V_nV',0.0,0.0,0.0,,1519.7481689453125,1519.7481689453125,0.0,175.0
Nonliving_Things,processed\house\House49_0.png,0,1.0,2.0,2,386.8507995605469,386.8507995605469,0.0,382.98101806640625,382.98101806640625,0.0,3.0,3.0,3.5,3.5,1.0,1.0,0.0,0.0,0.0,0.0,,'V_nV',0.0,0.0,0.0,,388.3522644042969,388.3522644042969,0.0,44.0
Living_Things,processed\face\male_94_0.png,0,1.0,2.0,2,1666.3612060546875,1666.3612060546875,0.0,1663.4925537109375,1663.4925537109375,0.0,2.0,2.0,2.5,2.5,1.0,1.0,0.0,0.0,0.0,0.0,,'nV_V',0.0,0.0,0.0,,1667.8626708984375,1667.8626708984375,0.0,192.0
Living_Things,processed\face\male_3_0.png,0,1.0,1.0,1,500.89788818359375,500.89788818359375,0.0,498.51275634765625,498.51275634765625,0.0,1.5,1.5,3.0,3.0,1.0,1.0,0.0,0.0,0.0,0.0,,'V_nV',0.0,0.0,0.0,,502.3993225097656,502.3993225097656,0.0,57.0
Living_Things,processed\face\female_47_0.png,0,1.0,1.0,1,22.637187957763672,22.637187957763672,0.0,20.25249481201172,20.25249481201172,0.0,1.5,1.5,3.5,3.5,1.0,1.0,0.0,0.0,0.0,0.0,,'V_nV',0.0,0.0,0.0,,24.138601303100586,24.138601303100586,0.0,2.0
Living_Things,processed\face\male_75_0.png,0,1.0,1.0,1,168.18246459960938,168.18246459960938,0.0,165.2970733642578,165.2970733642578,0.0,2.0,2.0,2.0,2.0,1.0,1.0,0.0,0.0,0.0,0.0,,'V_nV',0.0,0.0,0.0,,169.683837890625,169.683837890625,0.0,19.0
Nonliving_Things,processed\house\House3_0.png,0,1.0,2.0,2,1227.055908203125,1227.055908203125,0.0,1225.18798828125,1225.18798828125,0.0,1.0,1.0,3.0,3.0,1.0,1.0,0.0,0.0,0.0,0.0,,'V_nV',0.0,0.0,0.0,,1228.5574951171875,1228.5574951171875,0.0,141.0
Nonliving_Things,processed\house\House25_0.png,0,1.0,2.0,2,743.239990234375,743.239990234375,0.0,741.3720092773438,741.3720092773438,0.0,1.0,1.0,2.0,2.0,1.0,1.0,0.0,0.0,0.0,0.0,,'V_nV',0.0,0.0,0.0,,744.7415771484375,744.7415771484375,0.0,85.0
Nonliving_Things,processed\house\House55_0.png,0,1.0,2.0,2,668.7489013671875,668.7489013671875,0.0,665.8799438476562,665.8799438476562,0.0,2.0,2.0,3.5,3.5,1.0,1.0,0.0,0.0,0.0,0.0,,'V_nV',0.0,0.0,0.0,,670.2499389648438,670.2499389648438,0.0,76.0
Living_Things,processed\face\female_71_0.png,0,1.0,1.0,1,1150.012451171875,1150.012451171875,0.0,1146.1424560546875,1146.1424560546875,0.0,3.0,3.0,2.0,2.0,1.0,1.0,0.0,0.0,0.0,0.0,,'V_nV',0.0,0.0,0.0,,1151.513916015625,1151.513916015625,0.0,132.0
Nonliving_Things,processed\house\House53_0.png,0,1.0,1.0,1,846.8933715820312,846.8933715820312,0.0,843.5240478515625,843.5240478515625,0.0,2.5,2.5,3.0,3.0,1.0,1.0,0.0,0.0,0.0,0.0,,'nV_V',0.0,0.0,0.0,,848.39453125,848.39453125,0.0,97.0
Living_Things,processed\face\female_95_0.png,0,1.0,2.0,2,829.6259155273438,829.6259155273438,0.0,827.2410888671875,827.2410888671875,0.0,1.5,1.5,3.0,3.0,1.0,1.0,0.0,0.0,0.0,0.0,,'nV_V',0.0,0.0,0.0,,831.1287841796875,831.1287841796875,0.0,95.0
Living_Things,processed\face\male_42_0.png,0,1.0,1.0,1,1348.5272216796875,1348.5272216796875,0.0,1346.1256103515625,1346.1256103515625,0.0,1.5,1.5,3.5,3.5,1.0,1.0,0.0,0.0,0.0,0.0,,'V_nV',0.0,0.0,0.0,,1350.029052734375,1350.029052734375,0.0,155.0
Living_Things,processed\face\female_20_0.png,0,1.0,1.0,1,183.98150634765625,183.98150634765625,0.0,180.56239318847656,180.56239318847656,0.0,2.5,2.5,3.0,3.0,1.0,1.0,0.0,0.0,0.0,0.0,,'V_nV',0.0,0.0,0.0,,185.48324584960938,185.48324584960938,0.0,21.0
Nonliving_Things,processed\house\House70_0.png,0,1.0,1.0,1,677.1405639648438,677.1405639648438,0.0,675.2559814453125,675.2559814453125,0.0,1.0,1.0,3.0,3.0,1.0,1.0,0.0,0.0,0.0,0.0,,'nV_V',0.0,0.0,0.0,,678.6420288085938,678.6420288085938,0.0,77.0
Living_Things,processed\face\female_16_0.png,0,1.0,1.0,1,337.9519958496094,337.9519958496094,0.0,335.5836486816406,335.5836486816406,0.0,1.5,1.5,2.5,2.5,1.0,1.0,0.0,0.0,0.0,0.0,,'V_nV',0.0,0.0,0.0,,339.45343017578125,339.45343017578125,0.0,39.0
Living_Things,processed\face\female_61_0.png,0,1.0,1.0,1,535.4491577148438,535.4491577148438,0.0,532.0631103515625,532.0631103515625,0.0,2.5,2.5,3.5,3.5,1.0,1.0,0.0,0.0,0.0,0.0,,'V_nV',0.0,0.0,0.0,,536.9505004882812,536.9505004882812,0.0,61.0
Living_Things,processed\face\male_98_0.png,0,1.0,2.0,2,1603.1312255859375,1603.1312255859375,0.0,1600.2623291015625,1600.2623291015625,0.0,2.0,2.0,3.5,3.5,1.0,1.0,0.0,0.0,0.0,0.0,,'nV_V',0.0,0.0,0.0,,1604.6329345703125,1604.6329345703125,0.0,185.0
Living_Things,processed\face\female_5_0.png,0,1.0,1.0,1,891.3543090820312,891.3543090820312,0.0,887.4691162109375,887.4691162109375,0.0,3.0,3.0,2.5,2.5,1.0,1.0,0.0,0.0,0.0,0.0,,'V_nV',0.0,0.0,0.0,,892.8557739257812,892.8557739257812,0.0,102.0
Nonliving_Things,processed\house\House79_0.png,0,1.0,1.0,1,1122.3515625,1122.3515625,0.0,1119.482666015625,1119.482666015625,0.0,2.0,2.0,2.5,2.5,1.0,1.0,0.0,0.0,0.0,0.0,,'nV_V',0.0,0.0,0.0,,1123.85302734375,1123.85302734375,0.0,129.0
Living_Things,processed\face\female_54_0.png,0,1.0,2.0,2,293.54095458984375,293.54095458984375,0.0,291.1560363769531,291.1560363769531,0.0,1.5,1.5,3.0,3.0,1.0,1.0,0.0,0.0,0.0,0.0,,'nV_V',0.0,0.0,0.0,,295.0423278808594,295.0423278808594,0.0,34.0
Living_Things,processed\face\female_34_0.png,0,1.0,1.0,1,477.22430419921875,477.22430419921875,0.0,474.33868408203125,474.33868408203125,0.0,2.0,2.0,3.0,3.0,1.0,1.0,0.0,0.0,0.0,0.0,,'V_nV',0.0,0.0,0.0,,478.7257080078125,478.7257080078125,0.0,54.0
Living_Things,processed\face\male_26_0.png,0,1.0,1.0,1,1140.135498046875,1140.135498046875,0.0,1137.7509765625,1137.7509765625,0.0,1.5,1.5,3.0,3.0,1.0,1.0,0.0,0.0,0.0,0.0,,'V_nV',0.0,0.0,0.0,,1141.637451171875,1141.637451171875,0.0,131.0
Living_Things,processed\face\female_87_0.png,0,1.0,2.0,2,1358.40380859375,1358.40380859375,0.0,1355.03466796875,1355.03466796875,0.0,2.5,2.5,2.0,2.0,1.0,1.0,0.0,0.0,0.0,0.0,,'nV_V',0.0,0.0,0.0,,1359.9052734375,1359.9052734375,0.0,156.0
Living_Things,processed\face\male_88_0.png,0,1.0,1.0,1,1191.9876708984375,1191.9876708984375,0.0,1190.10400390625,1190.10400390625,0.0,1.0,1.0,3.0,3.0,1.0,1.0,0.0,0.0,0.0,0.0,,'V_nV',0.0,0.0,0.0,,1193.489013671875,1193.489013671875,0.0,137.0
Living_Things,processed\face\female_100_0.png,0,1.0,2.0,2,935.7987060546875,935.7987060546875,0.0,932.4127807617188,932.4127807617188,0.0,2.5,2.5,2.5,2.5,1.0,1.0,0.0,0.0,0.0,0.0,,'nV_V',0.0,0.0,0.0,,937.3001708984375,937.3001708984375,0.0,107.0
Nonliving_Things,processed\house\House27_0.png,0,1.0,2.0,2,357.7215270996094,357.7215270996094,0.0,353.8352966308594,353.8352966308594,0.0,3.0,3.0,2.0,2.0,1.0,1.0,0.0,0.0,0.0,0.0,,'V_nV',0.0,0.0,0.0,,359.22344970703125,359.22344970703125,0.0,41.0
Living_Things,processed\face\male_35_0.png,0,1.0,1.0,1,1234.947265625,1234.947265625,0.0,1233.0628662109375,1233.0628662109375,0.0,1.0,1.0,2.0,2.0,1.0,1.0,0.0,0.0,0.0,0.0,,'V_nV',0.0,0.0,0.0,,1236.4490966796875,1236.4490966796875,0.0,142.0
Nonliving_Things,processed\house\House62_0.png,0,1.0,1.0,1,1700.895751953125,1700.895751953125,0.0,1698.5106201171875,1698.5106201171875,0.0,1.5,1.5,3.0,3.0,1.0,1.0,0.0,0.0,0.0,0.0,,'nV_V',0.0,0.0,0.0,,1702.3970947265625,1702.3970947265625,0.0,196.0
Nonliving_Things,processed\house\House7_0.png,0,1.0,1.0,1,775.7723388671875,775.7723388671875,0.0,772.8868408203125,772.8868408203125,0.0,2.0,2.0,3.5,3.5,1.0,1.0,0.0,0.0,0.0,0.0,,'nV_V',0.0,0.0,0.0,,777.274169921875,777.274169921875,0.0,89.0
Nonliving_Things,processed\house\House78_0.png,0,1.0,1.0,1,1540.9193115234375,1540.9193115234375,0.0,1539.0347900390625,1539.0347900390625,0.0,1.0,1.0,2.0,2.0,1.0,1.0,0.0,0.0,0.0,0.0,,'nV_V',0.0,0.0,0.0,,1542.4208984375,1542.4208984375,0.0,178.0
Living_Things,processed\face\male_27_0.png,0,1.0,2.0,2,1373.185302734375,1373.185302734375,0.0,1370.8004150390625,1370.8004150390625,0.0,1.5,1.5,3.5,3.5,1.0,1.0,0.0,0.0,0.0,0.0,,'nV_V',0.0,0.0,0.0,,1374.686767578125,1374.686767578125,0.0,158.0
Living_Things,processed\face\female_89_0.png,0,1.0,1.0,1,565.1127319335938,565.1127319335938,0.0,561.2256469726562,561.2256469726562,0.0,3.0,3.0,2.5,2.5,1.0,1.0,0.0,0.0,0.0,0.0,,'V_nV',0.0,0.0,0.0,,566.6134033203125,566.6134033203125,0.0,64.0
Living_Things,processed\face\male_70_0.png,0,1.0,1.0,1,526.056396484375,526.056396484375,0.0,524.171630859375,524.171630859375,0.0,1.0,1.0,3.0,3.0,1.0,1.0,0.0,0.0,0.0,0.0,,'V_nV',0.0,0.0,0.0,,527.5577392578125,527.5577392578125,0.0,60.0
Living_Things,processed\face\female_80_0.png,0,1.0,1.0,1,592.7727661132812,592.7727661132812,0.0,589.3870849609375,589.3870849609375,0.0,2.5,2.5,3.0,3.0,1.0,1.0,0.0,0.0,0.0,0.0,,'V_nV',0.0,0.0,0.0,,594.274658203125,594.274658203125,0.0,67.0
Living_Things,processed\face\male_33_0.png,0,1.0,2.0,2,1340.118896484375,1340.118896484375,0.0,1336.2325439453125,1336.2325439453125,0.0,3.0,3.0,3.0,3.0,1.0,1.0,0.0,0.0,0.0,0.0,,'nV_V',0.0,0.0,0.0,,1341.6234130859375,1341.6234130859375,0.0,154.0
Nonliving_Things,processed\house\House4_0.png,0,1.0,2.0,2,1157.9049072265625,1157.9049072265625,0.0,1155.018310546875,1155.018310546875,0.0,2.0,2.0,2.5,2.5,1.0,1.0,0.0,0.0,0.0,0.0,,'V_nV',0.0,0.0,0.0,,1159.405517578125,1159.405517578125,0.0,133.0
Living_Things,processed\face\female_50_0.png,0,1.0,1.0,1,451.0660705566406,451.0660705566406,0.0,447.17840576171875,447.17840576171875,0.0,3.0,3.0,3.5,3.5,1.0,1.0,0.0,0.0,0.0,0.0,,'V_nV',0.0,0.0,0.0,,452.5670166015625,452.5670166015625,0.0,51.0
Living_Things,processed\face\male_61_0.png,0,1.0,1.0,1,116.34736633300781,116.34736633300781,0.0,114.46388244628906,114.46388244628906,0.0,1.0,1.0,3.0,3.0,1.0,1.0,0.0,0.0,0.0,0.0,,'V_nV',0.0,0.0,0.0,,117.8487777709961,117.8487777709961,0.0,13.0
Living_Things,processed\face\male_58_0.png,0,1.0,1.0,1,1718.162841796875,1718.162841796875,0.0,1715.7945556640625,1715.7945556640625,0.0,1.5,1.5,2.0,2.0,1.0,1.0,0.0,0.0,0.0,0.0,,'V_nV',0.0,0.0,0.0,,1719.664306640625,1719.664306640625,0.0,198.0
Nonliving_Things,processed\house\House52_0.png,0,1.0,1.0,1,441.672119140625,441.672119140625,0.0,437.8023986816406,437.8023986816406,0.0,3.0,3.0,2.5,2.5,1.0,1.0,0.0,0.0,0.0,0.0,,'nV_V',0.0,0.0,0.0,,443.1734924316406,443.1734924316406,0.0,50.0
Living_Things,processed\face\male_82_0.png,0,1.0,2.0,2,1585.3646240234375,1585.3646240234375,0.0,1581.9779052734375,1581.9779052734375,0.0,2.5,2.5,3.5,3.5,1.0,1.0,0.0,0.0,0.0,0.0,,'nV_V',0.0,0.0,0.0,,1586.865234375,1586.865234375,0.0,183.0
Living_Things,processed\face\female_73_0.png,0,1.0,1.0,1,975.755126953125,975.755126953125,0.0,972.8701171875,972.8701171875,0.0,2.0,2.0,3.0,3.0,1.0,1.0,0.0,0.0,0.0,0.0,,'V_nV',0.0,0.0,0.0,,977.2567749023438,977.2567749023438,0.0,112.0
Living_Things,processed\face\male_66_0.png,0,1.0,1.0,1,82.31400299072266,82.31400299072266,0.0,79.94517517089844,79.94517517089844,0.0,1.5,1.5,3.0,3.0,1.0,1.0,0.0,0.0,0.0,0.0,,'V_nV',0.0,0.0,0.0,,83.81502532958984,83.81502532958984,0.0,9.0
Nonliving_Things,processed\house\House64_0.png,0,1.0,2.0,2,1261.0899658203125,1261.0899658203125,0.0,1258.2213134765625,1258.2213134765625,0.0,2.0,2.0,3.0,3.0,1.0,1.0,0.0,0.0,0.0,0.0,,'V_nV',0.0,0.0,0.0,,1262.591552734375,1262.591552734375,0.0,145.0
Living_Things,processed\face\female_31_0.png,0,1.0,1.0,1,1173.6861572265625,1173.6861572265625,0.0,1171.3011474609375,1171.3011474609375,0.0,1.5,1.5,3.0,3.0,1.0,1.0,0.0,0.0,0.0,0.0,,'V_nV',0.0,0.0,0.0,,1175.187744140625,1175.187744140625,0.0,135.0
Living_Things,processed\face\male_72_0.png,0,1.0,2.0,2,376.47357177734375,376.47357177734375,0.0,373.10400390625,373.10400390625,0.0,2.5,2.5,3.5,3.5,1.0,1.0,0.0,0.0,0.0,0.0,,'nV_V',0.0,0.0,0.0,,377.9755859375,377.9755859375,0.0,43.0
Nonliving_Things,processed\house\House8_0.png,0,1.0,1.0,1,366.5975341796875,366.5975341796875,0.0,362.7273254394531,362.7273254394531,0.0,3.0,3.0,3.5,3.5,1.0,1.0,0.0,0.0,0.0,0.0,,'nV_V',0.0,0.0,0.0,,368.0986022949219,368.0986022949219,0.0,42.0
Nonliving_Things,processed\house\House54_0.png,0,1.0,2.0,2,347.3279724121094,347.3279724121094,0.0,343.45782470703125,343.45782470703125,0.0,3.0,3.0,3.5,3.5,1.0,1.0,0.0,0.0,0.0,0.0,,'V_nV',0.0,0.0,0.0,,348.8293762207031,348.8293762207031,0.0,40.0
Nonliving_Things,processed\house\House13_0.png,0,1.0,2.0,2,227.4249267578125,227.4249267578125,0.0,224.53956604003906,224.53956604003906,0.0,2.0,2.0,2.5,2.5,1.0,1.0,0.0,0.0,0.0,0.0,,'V_nV',0.0,0.0,0.0,,228.92686462402344,228.92686462402344,0.0,26.0
Living_Things,processed\face\female_1_0.png,0,1.0,1.0,1,1038.000732421875,1038.000732421875,0.0,1035.61572265625,1035.61572265625,0.0,1.5,1.5,2.5,2.5,1.0,1.0,0.0,0.0,0.0,0.0,,'V_nV',0.0,0.0,0.0,,1039.502197265625,1039.502197265625,0.0,119.0
Living_Things,processed\face\male_56_0.png,0,1.0,2.0,2,1045.875244140625,1045.875244140625,0.0,1043.5069580078125,1043.5069580078125,0.0,1.5,1.5,3.5,3.5,1.0,1.0,0.0,0.0,0.0,0.0,,'nV_V',0.0,0.0,0.0,,1047.3765869140625,1047.3765869140625,0.0,120.0
Nonliving_Things,processed\house\House63_0.png,0,1.0,2.0,2,1210.2725830078125,1210.2725830078125,0.0,1206.38671875,1206.38671875,0.0,3.0,3.0,2.5,2.5,1.0,1.0,0.0,0.0,0.0,0.0,,'V_nV',0.0,0.0,0.0,,1211.7740478515625,1211.7740478515625,0.0,139.0
Living_Things,processed\face\male_1_0.png,0,1.0,1.0,1,140.5048370361328,140.5048370361328,0.0,138.62046813964844,138.62046813964844,0.0,1.0,1.0,3.5,3.5,1.0,1.0,0.0,0.0,0.0,0.0,,'V_nV',0.0,0.0,0.0,,142.00621032714844,142.00621032714844,0.0,16.0
Nonliving_Things,processed\house\House94_0.png,0,1.0,2.0,2,1073.03564453125,1073.03564453125,0.0,1070.650634765625,1070.650634765625,0.0,1.5,1.5,3.0,3.0,1.0,1.0,0.0,0.0,0.0,0.0,,'V_nV',0.0,0.0,0.0,,1074.537109375,1074.537109375,0.0,123.0
Nonliving_Things,processed\house\House68_0.png,0,1.0,2.0,2,1726.554443359375,1726.554443359375,0.0,1723.1693115234375,1723.1693115234375,0.0,2.5,2.5,3.5,3.5,1.0,1.0,0.0,0.0,0.0,0.0,,'V_nV',0.0,0.0,0.0,,1728.05615234375,1728.05615234375,0.0,199.0
Nonliving_Things,processed\house\House12_0.png,0,1.0,2.0,2,415.0122985839844,415.0122985839844,0.0,411.1256408691406,411.1256408691406,0.0,3.0,3.0,3.0,3.0,1.0,1.0,0.0,0.0,0.0,0.0,,'V_nV',0.0,0.0,0.0,,416.51422119140625,416.51422119140625,0.0,47.0
Nonliving_Things,processed\house\House81_0.png,0,1.0,2.0,2,257.97222900390625,257.97222900390625,0.0,254.085693359375,254.085693359375,0.0,3.0,3.0,3.5,3.5,1.0,1.0,0.0,0.0,0.0,0.0,,'V_nV',0.0,0.0,0.0,,259.47344970703125,259.47344970703125,0.0,30.0
Nonliving_Things,processed\house\House1_0.png,0,1.0,1.0,1,692.9061889648438,692.9061889648438,0.0,690.5213012695312,690.5213012695312,0.0,1.5,1.5,2.5,2.5,1.0,1.0,0.0,0.0,0.0,0.0,,'nV_V',0.0,0.0,0.0,,694.4075927734375,694.4075927734375,0.0,79.0
Nonliving_Things,processed\house\House89_0.png,0,1.0,2.0,2,652.4828491210938,652.4828491210938,0.0,650.5980834960938,650.5980834960938,0.0,1.0,1.0,2.0,2.0,1.0,1.0,0.0,0.0,0.0,0.0,,'V_nV',0.0,0.0,0.0,,653.9842529296875,653.9842529296875,0.0,74.0
Living_Things,processed\face\male_5_0.png,0,1.0,1.0,1,709.189208984375,709.189208984375,0.0,706.8043212890625,706.8043212890625,0.0,1.5,1.5,2.0,2.0,1.0,1.0,0.0,0.0,0.0,0.0,,'V_nV',0.0,0.0,0.0,,710.690673828125,710.690673828125,0.0,81.0
Nonliving_Things,processed\house\House23_0.png,0,1.0,2.0,2,1019.2152709960938,1019.2152709960938,0.0,1017.3308715820312,1017.3308715820312,0.0,1.0,1.0,3.5,3.5,1.0,1.0,0.0,0.0,0.0,0.0,,'V_nV',0.0,0.0,0.0,,1020.7166748046875,1020.7166748046875,0.0,117.0
Nonliving_Things,processed\house\House45_0.png,0,1.0,1.0,1,1414.1260986328125,1414.1260986328125,0.0,1412.25830078125,1412.25830078125,0.0,1.0,1.0,2.5,2.5,1.0,1.0,0.0,0.0,0.0,0.0,,'nV_V',0.0,0.0,0.0,,1415.6275634765625,1415.6275634765625,0.0,163.0
Nonliving_Things,processed\house\House36_0.png,0,1.0,1.0,1,404.61822509765625,404.61822509765625,0.0,402.7508239746094,402.7508239746094,0.0,1.0,1.0,3.5,3.5,1.0,1.0,0.0,0.0,0.0,0.0,,'nV_V',0.0,0.0,0.0,,406.11993408203125,406.11993408203125,0.0,46.0
Nonliving_Things,processed\house\House28_0.png,0,1.0,2.0,2,1270.466064453125,1270.466064453125,0.0,1267.0966796875,1267.0966796875,0.0,2.5,2.5,3.0,3.0,1.0,1.0,0.0,0.0,0.0,0.0,,'V_nV',0.0,0.0,0.0,,1271.9674072265625,1271.9674072265625,0.0,146.0
Nonliving_Things,processed\house\House34_0.png,0,1.0,1.0,1,468.83251953125,468.83251953125,0.0,465.947265625,465.947265625,0.0,2.0,2.0,2.5,2.5,1.0,1.0,0.0,0.0,0.0,0.0,,'nV_V',0.0,0.0,0.0,,470.3343200683594,470.3343200683594,0.0,53.0
Living_Things,processed\face\male_37_0.png,0,1.0,2.0,2,1405.751220703125,1405.751220703125,0.0,1402.3648681640625,1402.3648681640625,0.0,2.5,2.5,3.5,3.5,1.0,1.0,0.0,0.0,0.0,0.0,,'nV_V',0.0,0.0,0.0,,1407.25244140625,1407.25244140625,0.0,162.0
Living_Things,processed\face\female_68_0.png,0,1.0,1.0,1,1278.357177734375,1278.357177734375,0.0,1276.4727783203125,1276.4727783203125,0.0,1.0,1.0,3.5,3.5,1.0,1.0,0.0,0.0,0.0,0.0,,'V_nV',0.0,0.0,0.0,,1279.8587646484375,1279.8587646484375,0.0,147.0
Living_Things,processed\face\male_81_0.png,0,1.0,2.0,2,1483.178466796875,1483.178466796875,0.0,1480.8101806640625,1480.8101806640625,0.0,1.5,1.5,2.0,2.0,1.0,1.0,0.0,0.0,0.0,0.0,,'nV_V',0.0,0.0,0.0,,1484.6798095703125,1484.6798095703125,0.0,171.0
Nonliving_Things,processed\house\House87_0.png,0,1.0,2.0,2,812.8425903320312,812.8425903320312,0.0,809.9737548828125,809.9737548828125,0.0,2.0,2.0,3.0,3.0,1.0,1.0,0.0,0.0,0.0,0.0,,'V_nV',0.0,0.0,0.0,,814.3440551757812,814.3440551757812,0.0,93.0
Living_Things,processed\face\male_95_0.png,0,1.0,1.0,1,967.3656616210938,967.3656616210938,0.0,964.9786987304688,964.9786987304688,0.0,1.5,1.5,2.5,2.5,1.0,1.0,0.0,0.0,0.0,0.0,,'V_nV',0.0,0.0,0.0,,968.8660278320312,968.8660278320312,0.0,111.0
Living_Things,processed\face\female_60_0.png,0,1.0,2.0,2,918.0324096679688,918.0324096679688,0.0,915.64599609375,915.64599609375,0.0,1.5,1.5,3.5,3.5,1.0,1.0,0.0,0.0,0.0,0.0,,'nV_V',0.0,0.0,0.0,,919.5328369140625,919.5328369140625,0.0,105.0
Nonliving_Things,processed\house\House93_0.png,0,1.0,2.0,2,1683.111328125,1683.111328125,0.0,1679.2415771484375,1679.2415771484375,0.0,3.0,3.0,2.0,2.0,1.0,1.0,0.0,0.0,0.0,0.0,,'V_nV',0.0,0.0,0.0,,1684.6126708984375,1684.6126708984375,0.0,194.0
Living_Things,processed\face\female_51_0.png,0,1.0,1.0,1,218.53271484375,218.53271484375,0.0,215.16355895996094,215.16355895996094,0.0,2.5,2.5,3.0,3.0,1.0,1.0,0.0,0.0,0.0,0.0,,'V_nV',0.0,0.0,0.0,,220.03416442871094,220.03416442871094,0.0,25.0
Living_Things,processed\face\female_86_0.png,0,1.0,2.0,2,951.5811767578125,951.5811767578125,0.0,949.1976318359375,949.1976318359375,0.0,1.5,1.5,2.0,2.0,1.0,1.0,0.0,0.0,0.0,0.0,,'nV_V',0.0,0.0,0.0,,953.0830688476562,953.0830688476562,0.0,109.0
Living_Things,processed\face\female_24_0.png,0,1.0,1.0,1,1500.46240234375,1500.46240234375,0.0,1497.076416015625,1497.076416015625,0.0,2.5,2.5,3.0,3.0,1.0,1.0,0.0,0.0,0.0,0.0,,'V_nV',0.0,0.0,0.0,,1501.9635009765625,1501.9635009765625,0.0,173.0
Nonliving_Things,processed\house\House69_0.png,0,1.0,2.0,2,150.9151611328125,150.9151611328125,0.0,147.0132293701172,147.0132293701172,0.0,3.0,3.0,3.0,3.0,1.0,1.0,0.0,0.0,0.0,0.0,,'V_nV',0.0,0.0,0.0,,152.4169158935547,152.4169158935547,0.0,17.0
Living_Things,processed\face\male_69_0.png,0,1.0,1.0,1,266.3638916015625,266.3638916015625,0.0,264.4793701171875,264.4793701171875,0.0,1.0,1.0,3.0,3.0,1.0,1.0,0.0,0.0,0.0,0.0,,'V_nV',0.0,0.0,0.0,,267.86517333984375,267.86517333984375,0.0,31.0
Nonliving_Things,processed\house\House40_0.png,0,1.0,2.0,2,1219.6820068359375,1219.6820068359375,0.0,1215.7830810546875,1215.7830810546875,0.0,3.0,3.0,2.5,2.5,1.0,1.0,0.0,0.0,0.0,0.0,,'V_nV',0.0,0.0,0.0,,1221.1837158203125,1221.1837158203125,0.0,140.0
Living_Things,processed\face\male_62_0.png,0,1.0,2.0,2,609.53955078125,609.53955078125,0.0,607.1544189453125,607.1544189453125,0.0,1.5,1.5,2.5,2.5,1.0,1.0,0.0,0.0,0.0,0.0,,'nV_V',0.0,0.0,0.0,,611.0411376953125,611.0411376953125,0.0,69.0
Living_Things,processed\face\female_29_0.png,0,1.0,2.0,2,132.11305236816406,132.11305236816406,0.0,129.74508666992188,129.74508666992188,0.0,1.5,1.5,3.5,3.5,1.0,1.0,0.0,0.0,0.0,0.0,,'nV_V',0.0,0.0,0.0,,133.6147003173828,133.6147003173828,0.0,15.0
Nonliving_Things,processed\house\House19_0.png,0,1.0,2.0,2,99.58059692382812,99.58059692382812,0.0,96.21144104003906,96.21144104003906,0.0,2.5,2.5,3.5,3.5,1.0,1.0,0.0,0.0,0.0,0.0,,'V_nV',0.0,0.0,0.0,,101.08207702636719,101.08207702636719,0.0,11.0
Nonliving_Things,processed\house\House91_0.png,0,1.0,2.0,2,717.5808715820312,717.5808715820312,0.0,714.1948852539062,714.1948852539062,0.0,2.5,2.5,3.0,3.0,1.0,1.0,0.0,0.0,0.0,0.0,,'V_nV',0.0,0.0,0.0,,719.082275390625,719.082275390625,0.0,82.0
Living_Things,processed\face\male_89_0.png,0,1.0,1.0,1,518.1652221679688,518.1652221679688,0.0,515.296630859375,515.296630859375,0.0,2.0,2.0,3.0,3.0,1.0,1.0,0.0,0.0,0.0,0.0,,'V_nV',0.0,0.0,0.0,,519.6666870117188,519.6666870117188,0.0,59.0
Nonliving_Things,processed\house\House10_0.png,0,1.0,1.0,1,1065.14453125,1065.14453125,0.0,1062.2750244140625,1062.2750244140625,0.0,2.0,2.0,2.5,2.5,1.0,1.0,0.0,0.0,0.0,0.0,,'nV_V',0.0,0.0,0.0,,1066.6461181640625,1066.6461181640625,0.0,122.0
Nonliving_Things,processed\house\House44_0.png,0,1.0,1.0,1,1303.549560546875,1303.549560546875,0.0,1300.6656494140625,1300.6656494140625,0.0,2.0,2.0,3.0,3.0,1.0,1.0,0.0,0.0,0.0,0.0,,'nV_V',0.0,0.0,0.0,,1305.050537109375,1305.050537109375,0.0,150.0
Living_Things,processed\face\male_28_0.png,0,1.0,2.0,2,759.0054931640625,759.0054931640625,0.0,756.1200561523438,756.1200561523438,0.0,2.0,2.0,2.5,2.5,1.0,1.0,0.0,0.0,0.0,0.0,,'nV_V',0.0,0.0,0.0,,760.5069580078125,760.5069580078125,0.0,87.0
Nonliving_Things,processed\house\House18_0.png,0,1.0,1.0,1,485.61602783203125,485.61602783203125,0.0,483.2318420410156,483.2318420410156,0.0,1.5,1.5,2.0,2.0,1.0,1.0,0.0,0.0,0.0,0.0,,'nV_V',0.0,0.0,0.0,,487.11737060546875,487.11737060546875,0.0,55.0
Nonliving_Things,processed\house\House22_0.png,0,1.0,1.0,1,303.4341125488281,303.4341125488281,0.0,299.5477600097656,299.5477600097656,0.0,3.0,3.0,2.5,2.5,1.0,1.0,0.0,0.0,0.0,0.0,,'nV_V',0.0,0.0,0.0,,304.9372863769531,304.9372863769531,0.0,35.0
Living_Things,processed\face\female_12_0.png,0,1.0,2.0,2,1448.1600341796875,1448.1600341796875,0.0,1444.273681640625,1444.273681640625,0.0,3.0,3.0,3.0,3.0,1.0,1.0,0.0,0.0,0.0,0.0,,'nV_V',0.0,0.0,0.0,,1449.6619873046875,1449.6619873046875,0.0,167.0
Nonliving_Things,processed\house\House9_0.png,0,1.0,2.0,2,275.756103515625,275.756103515625,0.0,272.3709411621094,272.3709411621094,0.0,2.5,2.5,2.5,2.5,1.0,1.0,0.0,0.0,0.0,0.0,,'V_nV',0.0,0.0,0.0,,277.25799560546875,277.25799560546875,0.0,32.0
Living_Things,processed\face\female_65_0.png,0,1.0,1.0,1,636.1998291015625,636.1998291015625,0.0,633.8146362304688,633.8146362304688,0.0,1.5,1.5,3.0,3.0,1.0,1.0,0.0,0.0,0.0,0.0,,'V_nV',0.0,0.0,0.0,,637.7010498046875,637.7010498046875,0.0,72.0
Nonliving_Things,processed\house\3257825_House58_0.png,0,1.0,1.0,1,1252.7149658203125,1252.7149658203125,0.0,1249.3291015625,1249.3291015625,0.0,2.5,2.5,2.5,2.5,1.0,1.0,0.0,0.0,0.0,0.0,,'nV_V',0.0,0.0,0.0,,1254.2169189453125,1254.2169189453125,0.0,144.0
Nonliving_Things,processed\house\House2_0.png,0,1.0,2.0,2,58.189353942871094,58.189353942871094,0.0,54.31932067871094,54.31932067871094,0.0,3.0,3.0,2.5,2.5,1.0,1.0,0.0,0.0,0.0,0.0,,'V_nV',0.0,0.0,0.0,,59.6912841796875,59.6912841796875,0.0,6.0
Nonliving_Things,processed\house\House71_0.png,0,1.0,1.0,1,432.79669189453125,432.79669189453125,0.0,428.911865234375,428.911865234375,0.0,3.0,3.0,2.0,2.0,1.0,1.0,0.0,0.0,0.0,0.0,,'nV_V',0.0,0.0,0.0,,434.2981262207031,434.2981262207031,0.0,49.0
Nonliving_Things,processed\house\House67_0.png,0,1.0,2.0,2,873.0696411132812,873.0696411132812,0.0,870.183837890625,870.183837890625,0.0,2.0,2.0,2.0,2.0,1.0,1.0,0.0,0.0,0.0,0.0,,'V_nV',0.0,0.0,0.0,,874.571533203125,874.571533203125,0.0,100.0
Nonliving_Things,processed\house\House32_0.png,0,1.0,1.0,1,1389.4515380859375,1389.4515380859375,0.0,1387.0850830078125,1387.0850830078125,0.0,1.5,1.5,3.0,3.0,1.0,1.0,0.0,0.0,0.0,0.0,,'nV_V',0.0,0.0,0.0,,1390.952880859375,1390.952880859375,0.0,160.0
Living_Things,processed\face\female_58_0.png,0,1.0,1.0,1,1639.6845703125,1639.6845703125,0.0,1636.7991943359375,1636.7991943359375,0.0,2.0,2.0,3.0,3.0,1.0,1.0,0.0,0.0,0.0,0.0,,'V_nV',0.0,0.0,0.0,,1641.1861572265625,1641.1861572265625,0.0,189.0

extraInfo
n_square,64
probeFrames,1
participant,1
session,001
image_size,300
postmask_dur,20
block,1
date,2023-10-25_13h11.49.579
expName,post-mask-only
psychopyVersion,2023.2.3
frameRate,59.964584925706816
expStart,2023-10-25 13h11.55.511432 +0800
